Brands,Brand_Model,model
Acura,Acura CL,CL
Acura,Acura ILX,ILX
Acura,Acura MDX,MDX
Acura,Acura NSX,NSX
Acura,Acura RDX,RDX
Acura,Acura RL,RL
Acura,Acura RLX,RLX
Acura,Acura RSX,RSX
Acura,Acura TL,TL
Acura,Acura TLX,TLX
Acura,Acura TSX,TSX
Acura,Acura ZDX,ZDX
Ail,Ail Storm,Storm
Alfa Romeo,Alfa Romeo 145,Alfa Romeo 145
Alfa Romeo,Alfa Romeo 146,Alfa Romeo 146
Alfa Romeo,Alfa Romeo 147,Alfa Romeo 147
Alfa Romeo,Alfa Romeo 156,Alfa Romeo 156
Alfa Romeo,Alfa Romeo 159,Alfa Romeo 159
Alfa Romeo,Alfa Romeo 166,Alfa Romeo 166
Alfa Romeo,Alfa Romeo 169,Alfa Romeo 169
Alfa Romeo,Alfa Romeo 4C,4C
Alfa Romeo,Alfa Romeo 8C Competizione,8C Competizione
Alfa Romeo,Alfa Romeo Brera,Brera
Alfa Romeo,Alfa Romeo C-CUV,C-CUV
Alfa Romeo,Alfa Romeo E-CUV,E-CUV
Alfa Romeo,Alfa Romeo Giulia,Giulia
Alfa Romeo,Alfa Romeo Giulietta,Giulietta
Alfa Romeo,Alfa Romeo GT,GT
Alfa Romeo,Alfa Romeo GTV,GTV
Alfa Romeo,Alfa Romeo MiTo,MiTo
Alfa Romeo,Alfa Romeo Spider,Spider
Alfa Romeo,Alfa Romeo Stelvio,Stelvio
Alpine,Alpine A110,A110
Bugatti,Bugatti Chiron,Chiron
Bugatti,Bugatti Veyron,Veyron
McLaren,McLaren Sports Series,Sports Series
McLaren,McLaren Super Series,Super Series
McLaren,McLaren Ultimate Series,Ultimate Series
Lamborghini,Lamborghini Aventador,Aventador
Lamborghini,Lamborghini Diablo,Diablo
Lamborghini,Lamborghini Gallardo,Gallardo
Lamborghini,Lamborghini Huracan,Huracan
Lamborghini,Lamborghini Murcielago,Murcielago
Lamborghini,Lamborghini Urus,Urus
Aston Martin,Aston Martin Cygnet,Cygnet
Aston Martin,Aston Martin DB11,DB11
Aston Martin,Aston Martin DB7,DB7
Aston Martin,Aston Martin DB9,DB9
Aston Martin,Aston Martin DBS,DBS
Aston Martin,Aston Martin E-CUV,E-CUV
Aston Martin,Aston Martin Lagonda,Lagonda
Aston Martin,Aston Martin ONE-77,ONE-77
Aston Martin,Aston Martin Rapide,Rapide
Aston Martin,Aston Martin Vanquish,Vanquish
Aston Martin,Aston Martin Vantage,Vantage
Aston Martin,Aston Martin Virage,Virage
Aston Martin,Aston Martin Valkyrie,Valkyrie
Ferrari,Ferrari California,California
Ferrari,Ferrari Dino,Dino
Ferrari,Ferrari Enzo,Enzo
Ferrari,Ferrari F12,F12
Ferrari,Ferrari F360,F360
Ferrari,Ferrari F430,F430
Ferrari,Ferrari F456,F456
Ferrari,Ferrari F458,F458
Ferrari,Ferrari F488,F488
Ferrari,Ferrari F550,F550
Ferrari,Ferrari F550/575,F550/575
Ferrari,Ferrari F599 GTB,F599 GTB
Ferrari,Ferrari F612,F612
Ferrari,Ferrari FF,FF
Ferrari,Ferrari LaFerrari,La
Rolls-Royce,Rolls-Royce Dawn,Dawn
Rolls-Royce,Rolls-Royce E-CUV,E-CUV
Rolls-Royce,Rolls-Royce Ghost,Ghost
Rolls-Royce,Rolls-Royce Phantom,Phantom
Rolls-Royce,Rolls-Royce Phantom Coupe,Phantom Coupe
Rolls-Royce,Rolls-Royce Phantom Drophead Coupe,Phantom Drophead Coupe
Rolls-Royce,Rolls-Royce Silver Seraph,Silver Seraph
Rolls-Royce,Rolls-Royce Wraith,Wraith
Bentley,Bentley Arnage,Arnage
Bentley,Bentley Azure,Azure
Bentley,Bentley Bentayga,Bentayga
Bentley,Bentley Bentayga Sport,Bentayga Sport
Bentley,Bentley Brooklands,Brooklands
Bentley,Bentley Continental Flying Spur,Continental Flying Spur
Bentley,Bentley Continental GT,Continental GT
Bentley,Bentley Continental GTC,Continental GTC
Bentley,Bentley EXP 10,EXP 10
Bentley,Bentley Mulsanne,Mulsanne
Audi,Audi A1,A1
Audi,Audi A2,A2
Audi,Audi A3,A3
Audi,Audi A4,A4
Audi,Audi A4 Allroad,A4 Allroad
Audi,Audi A5,A5
Audi,Audi A6,A6
Audi,Audi A6 Allroad,A6 Allroad
Audi,Audi A7,A7
Audi,Audi A8,A8
Audi,Audi e-tron,e-tron
Audi,Audi Q1,Q1
Audi,Audi Q2,Q2
Audi,Audi Q3,Q3
Audi,Audi Q4,Q4
Audi,Audi Q5,Q5
Audi,Audi Q7,Q7
Audi,Audi Q8,Q8
Audi,Audi R8,R8
Audi,Audi TT,TT
Audi,Audi C-CUV e-tron,C-CUV e-tron
Audi,Audi E-Sedan e-tron,E-Sedan e-tron
Bahman,Bahman Narvan,Narvan
Bahman,Bahman Siba,Siba
Beijing Auto,Beijing Auto D20,D20
Beijing Auto,Beijing Auto D50,D50
Beijing Auto,Beijing Auto Haice,Haice
Beijing Auto,Beijing Auto Inyathi Taxi,Inyathi Taxi
Beijing Auto,Beijing Auto Luba,Luba
Beijing Auto,Beijing Auto Luling,Luling
Beijing Auto,Beijing Auto M20,M20
Beijing Auto,Beijing Auto Weiwang 306,Weiwang 306
Beijing Auto,Beijing Auto Weiwang M50F,Weiwang M50F
Beijing Auto,Beijing Auto X25,X25
Beijing Auto,Beijing Auto X55,X55
Beijing Auto,Beijing Auto X65,X65
BMC,BMC Pro,Pro
BMW,BMW 1-Series,1-Series
BMW,BMW 2-Series,2-Series
BMW,BMW 2-Series Active Tourer,2-Series Active Tourer
BMW,BMW 2-Series Gran Coupe,2-Series Gran Coupe
BMW,BMW 2-Series Gran Tourer,2-Series Gran Tourer
BMW,BMW 3-Series,3-Series
BMW,BMW 3-Series GT,3-Series GT
BMW,BMW 4-Series,4-Series
BMW,BMW 4-Series Gran Coupe,4-Series Gran Coupe
BMW,BMW 5-Series,5-Series
BMW,BMW 5-Series GT,5-Series GT
BMW,BMW 6-Series,6-Series
BMW,BMW 6-Series Gran Coupe,6-Series Gran Coupe
BMW,BMW 7-Series,7-Series
BMW,BMW 8-Series,8-Series
BMW,BMW B-CUV,B-CUV
BMW,BMW i3,i3
BMW,BMW i5,i5
BMW,BMW i8,i8
BMW,BMW X1,X1
BMW,BMW X2,X2
BMW,BMW X3,X3
BMW,BMW X4,X4
BMW,BMW X5,X5
BMW,BMW X6,X6
BMW,BMW X7,X7
BMW,BMW Z3,Z3
BMW,BMW Z4,Z4
BMW,BMW Z8,Z8
BMW,BMW 6-Series GT,6-Series GT
BMW,BMW 8-Series Gran Coupe,8-Series Gran Coupe
Brilliance,Brilliance Cross,Cross
Brilliance,Brilliance FRV,FRV
Brilliance,Brilliance FSV,FSV
Brilliance,Brilliance Galena,Galena
Brilliance,Brilliance H220,H220
Brilliance,Brilliance H230,H230
Brilliance,Brilliance H3,H3
Brilliance,Brilliance H320,H320
Brilliance,Brilliance H330,H330
Brilliance,Brilliance H530,H530
Brilliance,Brilliance S30,S30
Brilliance,Brilliance Splendor,Splendor
Brilliance,Brilliance V3,V3
Brilliance,Brilliance V5,V5
Buick,Buick Century,Century
Buick,Buick LaCrosse,LaCrosse
Buick,Buick LeSabre,LeSabre
Buick,Buick Lucerne,Lucerne
Buick,Buick Rendezvous,Rendezvous
BYD,BYD E6,E6
BYD,BYD F0,F0
BYD,BYD F3,F3
BYD,BYD F6,F6
BYD,BYD L3,L3
BYD,BYD M6,M6
BYD,BYD Qin,Qin
BYD,BYD S6,S6
BYD,BYD S7,S7
BYD,BYD Surui,Surui
Cadillac,Cadillac ATS,ATS
Cadillac,Cadillac BLS,BLS
Cadillac,Cadillac CT4,CT4
Cadillac,Cadillac CT5,CT5
Cadillac,Cadillac CT6,CT6
Cadillac,Cadillac CTS,CTS
Cadillac,Cadillac DeVille,DeVille
Cadillac,Cadillac DTS,DTS
Cadillac,Cadillac Eldorado,Eldorado
Cadillac,Cadillac ELR,ELR
Cadillac,Cadillac Escalade,Escalade
Cadillac,Cadillac Escalade ESV,Escalade ESV
Cadillac,Cadillac Escalade EXT,Escalade EXT
Cadillac,Cadillac Seville,Seville
Cadillac,Cadillac Sports Car,Sports Car
Cadillac,Cadillac SRX,SRX
Cadillac,Cadillac STS,STS
Cadillac,Cadillac XLR,XLR
Cadillac,Cadillac XT3,XT3
Cadillac,Cadillac XT4,XT4
Cadillac,Cadillac XT5,XT5
Cadillac,Cadillac XT6,XT6
Cadillac,Cadillac XTS,XTS
Caterham,Caterham Super 7,Super 7
Chana,Chana Benni,Benni
Chana,Chana Benni Mini,Benni Mini
Chana,Chana Buzz,Buzz
Chana,Chana Maxi,Maxi
Chana,Chana Rainbow,Rainbow
Chana,Chana Star,Star
Changan,Changan BenBen,BenBen
Changan,Changan CS35,CS35
Changan,Changan CS75,CS75
Changan,Changan CS95,CS95
Changan,Changan EADO,EADO
Changan,Changan Raeton,Raeton
Changhe,Changhe Caro,Caro
Changhe,Changhe Carry Truck,Carry Truck
Changhe,Changhe Cool Car A,Cool Car A
Changhe,Changhe Freedom Bus,Freedom Bus
Changhe,Changhe Ideal,Ideal
Changhe,Changhe Super Panda,Super Panda
Chery,Chery A1,Chery A1
Chery,Chery A3,Chery A3
Chery,Chery A5,Chery A5
Chery,Chery Arrizo 3,Arrizo 3
Chery,Chery Arrizo 5,Arrizo 5
Chery,Chery Arrizo 7,Arrizo 7
Chery,Chery Cowin,Cowin
Chery,Chery Cowin 2,Cowin 2
Chery,Chery Cowin 5,Cowin 5
Chery,Chery Dongfangzhizi,Dongfangzhizi
Chery,Chery E5,E5
Chery,Chery Eastar,Eastar
Chery,Chery Eastar A6,Eastar A6
Chery,Chery Fulwin,Fulwin
Chery,Chery Fulwin 2,Fulwin 2
Chery,Chery J1,J1
Chery,Chery J2,J2
Chery,Chery J3,J3
Chery,Chery J5,J5
Chery,Chery QQ,QQ
Chery,Chery QQ3,QQ3
Chery,Chery QQ6,QQ6
Chery,Chery Tiggo T3,Tiggo T3
Chery,Chery Tiggo3,Tiggo3
Chery,Chery Tiggo3X,Tiggo3X
Chery,Chery Tiggo5,Tiggo5
Chery,Chery Tiggo7,Tiggo7
Chery,Chery TiggoTX,TiggoTX
Chery,Chery V5,V5
Chevrolet,Chevrolet Alero,Alero
Chevrolet,Chevrolet Astro,Astro
Chevrolet,Chevrolet Avalanche,Avalanche
Chevrolet,Chevrolet Aveo,Aveo
Chevrolet,Chevrolet Blazer,Blazer
Chevrolet,Chevrolet C/K,C/K
Chevrolet,Chevrolet Camaro,Camaro
Chevrolet,Chevrolet Caprice,Caprice
Chevrolet,Chevrolet Captiva,Captiva
Chevrolet,Chevrolet Cavalier,Cavalier
Chevrolet,Chevrolet Chevy Utility,Chevy Utility
Chevrolet,Chevrolet Colorado,Colorado
Chevrolet,Chevrolet Corsa,Corsa
Chevrolet,Chevrolet Corsa Pickup,Corsa Pickup
Chevrolet,Chevrolet Corsa Utility,Corsa Utility
Chevrolet,Chevrolet Corvette,Corvette
Chevrolet,Chevrolet Crew Cab,Crew Cab
Chevrolet,Chevrolet Cruze,Cruze
Chevrolet,Chevrolet Damas,Damas
Chevrolet,Chevrolet Epica,Epica
Chevrolet,Chevrolet Equinox,Equinox
Chevrolet,Chevrolet Express,Express
Chevrolet,Chevrolet HHR,HHR
Chevrolet,Chevrolet Impala,Impala
Chevrolet,Chevrolet Kalos,Kalos
Chevrolet,Chevrolet Labo,Labo
Chevrolet,Chevrolet Lacetti,Lacetti
Chevrolet,Chevrolet Lanos,Lanos
Chevrolet,Chevrolet Lumina,Lumina
Chevrolet,Chevrolet Lumina MPV,Lumina MPV
Chevrolet,Chevrolet Lumina Ute,Lumina Ute
Chevrolet,Chevrolet LUV,LUV
Chevrolet,Chevrolet Magnus,Magnus
Chevrolet,Chevrolet Malibu,Malibu
Chevrolet,Chevrolet Matiz,Matiz
Chevrolet,Chevrolet N200,N200
Chevrolet,Chevrolet N300,N300
Chevrolet,Chevrolet Niva,Niva
Chevrolet,Chevrolet Optra,Optra
Chevrolet,Chevrolet Orlando,Orlando
Chevrolet,Chevrolet Prisma,Prisma
Chevrolet,Chevrolet S-10,S-10
Chevrolet,Chevrolet Silverado,Silverado
Chevrolet,Chevrolet Sonic,Sonic
Chevrolet,Chevrolet Spark,Spark
Chevrolet,Chevrolet Spark Lite,Spark Lite
Chevrolet,Chevrolet Suburban,Suburban
Chevrolet,Chevrolet Tahoe,Tahoe
Chevrolet,Chevrolet Trailblazer,Trailblazer
Chevrolet,Chevrolet Trailblazer EXT,Trailblazer EXT
Chevrolet,Chevrolet Traverse,Traverse
Chevrolet,Chevrolet Trax,Trax
Chevrolet,Chevrolet T-Series,T-Series
Chevrolet,Chevrolet Uplander,Uplander
Chevrolet,Chevrolet Vectra,Vectra
Chevrolet,Chevrolet Venture,Venture
Chevrolet,Chevrolet Vivant,Vivant
Chevrolet,Chevrolet Volt,Volt
Chevrolet,Chevrolet Zafira,Zafira
Chrysler,Chrysler 200,Chrysler 200
Chrysler,Chrysler 300,Chrysler 300
Chrysler,Chrysler 300M,300M
Chrysler,Chrysler Aspen,Aspen
Chrysler,Chrysler Concorde,Concorde
Chrysler,Chrysler Conquest,Conquest
Chrysler,Chrysler Crossfire,Crossfire
Chrysler,Chrysler LHS,LHS
Chrysler,Chrysler Neon,Neon
Chrysler,Chrysler Pacifica,Pacifica
Chrysler,Chrysler PT Cruiser,PT Cruiser
Chrysler,Chrysler Sebring,Sebring
Chrysler,Chrysler Stratus,Stratus
Chrysler,Chrysler Voyager,Voyager
Citroen,Citroen B-CUV,B-CUV
Citroen,Citroen Berlingo,Berlingo
Citroen,Citroen Berlingo First,Berlingo First
Citroen,Citroen Berlingo Local,Berlingo Local
Citroen,Citroen Berlingo Multispace,Berlingo Multispace
Citroen,Citroen Berlingo Utilitaire,Berlingo Utilitaire
Citroen,Citroen C1,C1
Citroen,Citroen C15,C15
Citroen,Citroen C2,C2
Citroen,Citroen C3,C3
Citroen,Citroen C3 Picasso,C3 Picasso
Citroen,Citroen C3 Pluriel,C3 Pluriel
Citroen,Citroen C3-XR,C3-XR
Citroen,Citroen C4,C4
Citroen,Citroen C4 Aircross,C4 Aircross
Citroen,Citroen C4 Cactus,C4 Cactus
Citroen,Citroen C4 Picasso,C4 Picasso
Citroen,Citroen C5,C5
Citroen,Citroen C6,C6
Citroen,Citroen C8,C8
Citroen,Citroen C-Crosser,C-Crosser
Citroen,Citroen C-Elysee,C-Elysee
Citroen,Citroen C-ZERO,C-ZERO
Citroen,Citroen E-Mehari,E-Mehari
Citroen,Citroen Evasion,Evasion
Citroen,Citroen Jumper,Jumper
Citroen,Citroen Jumpy,Jumpy
Citroen,Citroen Jumpy Combi,Jumpy Combi
Citroen,Citroen Nemo,Nemo
Citroen,Citroen Nemo Multispace,Nemo Multispace
Citroen,Citroen Saxo,Saxo
Citroen,Citroen Xantia,Xantia
Citroen,Citroen Xsara,Xsara
Citroen,Citroen Xsara Picasso,Xsara Picasso
Citroen,Citroen C3 Aircross,C3 Aircross
Citroen,Citroen C5 Aircross,C5 Aircross
Dacia,Dacia B-CUV,B-CUV
Dacia,Dacia Dokker,Dokker
Dacia,Dacia Dokker Van,Dokker Van
Dacia,Dacia Duster,Duster
Dacia,Dacia Duster Oroch,Duster Oroch
Dacia,Dacia Lodgy,Lodgy
Dacia,Dacia Logan,Logan
Dacia,Dacia Logan MCV,Logan MCV
Dacia,Dacia Logan Pickup,Logan Pickup
Dacia,Dacia Sandero,Sandero
Daewoo,Daewoo Cielo,Cielo
Daewoo,Daewoo Damas,Damas
Daewoo,Daewoo Kalos,Kalos
Daewoo,Daewoo Labo,Labo
Daewoo,Daewoo Lacetti,Lacetti
Daewoo,Daewoo Lanos,Lanos
Daewoo,Daewoo Leganza,Leganza
Daewoo,Daewoo Magnus,Magnus
Daewoo,Daewoo Matiz,Matiz
Daewoo,Daewoo Nubira,Nubira
Daewoo,Daewoo Rezzo,Rezzo
Daewoo,Daewoo Tacuma,Tacuma
Daihatsu,Daihatsu Applause,Applause
Daihatsu,Daihatsu Atrai,Atrai
Daihatsu,Daihatsu Charade,Charade
Daihatsu,Daihatsu Copen,Copen
Daihatsu,Daihatsu Cuore,Cuore
Daihatsu,Daihatsu Delta,Delta
Daihatsu,Daihatsu Gran Max,Gran Max
Daihatsu,Daihatsu Gran Move,Gran Move
Daihatsu,Daihatsu Materia,Materia
Daihatsu,Daihatsu Rocky,Rocky
Daihatsu,Daihatsu Sirion,Sirion
Daihatsu,Daihatsu Terios,Terios
Daihatsu,Daihatsu YRV,YRV
Datsun,Datsun GO,Datsun GO
Datsun,Datsun Go Cross,Datsun Go Cross
Datsun,Datsun GO+,Datsun GO+
Datsun,Datsun mi-Do,Datsun mi-Do
Datsun,Datsun on-Do,Datsun on-Do
De Tomaso,De Tomaso De Tomaso,
DFSK,DFSK Mini Bus,Mini Bus
DFSK,DFSK Mini Truck,Mini Truck
DFSK,DFSK Mini Van,Mini Van
Dodge,Dodge Avenger,Avenger
Dodge,Dodge Caliber,Caliber
Dodge,Dodge Caravan,Caravan
Dodge,Dodge Challenger,Challenger
Dodge,Dodge Charger,Charger
Dodge,Dodge Dakota,Dakota
Dodge,Dodge Dart,Dart
Dodge,Dodge Durango,Durango
Dodge,Dodge Journey,Journey
Dodge,Dodge Neon,Neon
Dodge,Dodge Nitro,Nitro
Dodge,Dodge Ram,Ram
Dodge,Dodge Stratus,Stratus
Dodge,Dodge Viper,Viper
Dongfeng,Dongfeng Oting,Oting
Dongfeng,Dongfeng Ruiqi,Ruiqi
Dongfeng,Dongfeng S30,S30
Dongfeng,Dongfeng Xiaokang,Xiaokang
DS,DS B-CUV,B-CUV
DS,DS DS3,DS3
DS,DS DS4,DS4
DS,DS DS5,DS5
DS,DS DS5LS,DS5LS
DS,DS DS6,DS6
DS,DS D-Sedan,D-Sedan
DS,DS DS7 Crossback,DS7 Crossback
Englon,Englon C5,C5
FAW,FAW Besturn B30,Besturn B30
FAW,FAW Besturn B50,Besturn B50
FAW,FAW Besturn B70,Besturn B70
FAW,FAW Besturn X80,Besturn X80
FAW,FAW Jiabao Truck,Jiabao Truck
FAW,FAW Junpai D60,Junpai D60
FAW,FAW S80,S80
FAW,FAW V2,V2
FAW,FAW Weizhi V5,Weizhi V5
Fiat,Fiat 124,Fiat 124
Fiat,Fiat 126,Fiat 126
Fiat,Fiat 500,Fiat 500
Fiat,Fiat 500C,500C
Fiat,Fiat 500L,500L
Fiat,Fiat 500X,500X
Fiat,Fiat Albea,Albea
Fiat,Fiat Barchetta,Barchetta
Fiat,Fiat B-CUV,B-CUV
Fiat,Fiat Brava,Brava
Fiat,Fiat Bravo,Bravo
Fiat,Fiat Coupe,Coupe
Fiat,Fiat Croma,Croma
Fiat,Fiat Doblo,Doblo
Fiat,Fiat Doblo Classic,Doblo Classic
Fiat,Fiat Doblo Combi,Doblo Combi
Fiat,Fiat Ducato,Ducato
Fiat,Fiat Ducato Combi,Ducato Combi
Fiat,Fiat Fiorino,Fiorino
Fiat,Fiat Fiorino Qubo,Fiorino Qubo
Fiat,Fiat Freemont,Freemont
Fiat,Fiat Fullback,Fullback
Fiat,Fiat Idea,Idea
Fiat,Fiat Linea,Linea
Fiat,Fiat Marea,Marea
Fiat,Fiat Multipla,Multipla
Fiat,Fiat Palio,Palio
Fiat,Fiat Palio Van,Palio Van
Fiat,Fiat Panda,Panda
Fiat,Fiat Petra,Petra
Fiat,Fiat Punto,Punto
Fiat,Fiat Scudo,Scudo
Fiat,Fiat Sedici,Sedici
Fiat,Fiat Seicento,Seicento
Fiat,Fiat Siena,Siena
Fiat,Fiat Stilo,Stilo
Fiat,Fiat Strada,Strada
Fiat,Fiat Tipo,Tipo
Fiat,Fiat Ulysse,Ulysse
Fiat,Fiat Uno,Uno
Fiat,Fiat Uno Van,Uno Van
Fisker,Fisker Karma,Karma
Ford,Ford Bantam,Bantam
Ford,Ford B-CUV,B-CUV
Ford,Ford B-Max,B-Max
Ford,Ford Bronco,Bronco
Ford,Ford C-CUV,C-CUV
Ford,Ford C-Max,C-Max
Ford,Ford Courier,Courier
Ford,Ford Crown Victoria,Crown Victoria
Ford,Ford Econoline,Econoline
Ford,Ford Ecosport,Ecosport
Ford,Ford Edge,Edge
Ford,Ford Escape,Escape
Ford,Ford Escort,Escort
Ford,Ford E-Series,E-Series
Ford,Ford Everest,Everest
Ford,Ford Excursion,Excursion
Ford,Ford Expedition,Expedition
Ford,Ford Explorer,Explorer
Ford,Ford Falcon,Falcon
Ford,Ford Fiesta,Fiesta
Ford,Ford Figo,Figo
Ford,Ford Five Hundred,Five Hundred
Ford,Ford Flex,Flex
Ford,Ford Focus,Focus
Ford,Ford Focus C-Max,Focus C-Max
Ford,Ford Freestar,Freestar
Ford,Ford F-Series,F-Series
Ford,Ford Fusion,Fusion
Ford,Ford Galaxy,Galaxy
Ford,Ford Ikon,Ikon
Ford,Ford Ka,Ka
Ford,Ford Ka+,Ka+
Ford,Ford Kuga,Kuga
Ford,Ford Laser,Laser
Ford,Ford Mondeo,Mondeo
Ford,Ford Mustang,Mustang
Ford,Ford Puma,Puma
Ford,Ford Ranger,Ranger
Ford,Ford S-Max,S-Max
Ford,Ford Spectron,Spectron
Ford,Ford Taurus,Taurus
Ford,Ford Territory,Territory
Ford,Ford Thunderbird,Thunderbird
Ford,Ford Tourneo Connect,Tourneo Connect
Ford,Ford Tourneo Custom,Tourneo Custom
Ford,Ford Transit,Transit
Ford,Ford Transit Combi,Transit Combi
Ford,Ford Transit Connect,Transit Connect
Ford,Ford Transit Custom,Transit Custom
Ford,Ford Windstar,Windstar
Ford,Ford C-CUV BEV,C-CUV BEV
Foton,Foton Forland,Forland
Foton,Foton Inkunzi,Inkunzi
Foton,Foton Sauvana,Sauvana
Foton,Foton SUP,SUP
Foton,Foton Thunda,Thunda
Foton,Foton Tunland,Tunland
Foton,Foton View,View
GAZ,GAZ Gazelle,Gazelle
Geely,Geely BL Coupe,BL Coupe
Geely,Geely Borui,Borui
Geely,Geely Boyue,Boyue
Geely,Geely CK,CK
Geely,Geely CK - Free Cruiser,CK - Free Cruiser
Geely,Geely D-Sedan,D-Sedan
Geely,Geely D-SUV,D-SUV
Geely,Geely Emgrand EC7,Emgrand EC7
Geely,Geely Emgrand EC7-RV,Emgrand EC7-RV
Geely,Geely Emgrand EC8,Emgrand EC8
Geely,Geely Emgrand EX7,Emgrand EX7
Geely,Geely Emgrand GS,Emgrand GS
Geely,Geely Emgrand Pandino,Emgrand Pandino
Geely,Geely Emgrand X7,Emgrand X7
Geely,Geely Emgrand Xpandino,Emgrand Xpandino
Geely,Geely Englon SC7,Englon SC7
Geely,Geely FC - Vision,FC - Vision
Geely,Geely Fruittah,Fruittah
Geely,Geely GC2,GC2
Geely,Geely Gleagle GC7,Gleagle GC7
Geely,Geely Gleagle GX2,Gleagle GX2
Geely,Geely Gleagle GX7,Gleagle GX7
Geely,Geely GX2,GX2
Geely,Geely LC - Kandi,LC - Kandi
Geely,Geely LC - Panda,LC - Panda
Geely,Geely LCX - Panda Cross,LCX - Panda Cross
Geely,Geely MK - King Kong,MK - King Kong
Geely,Geely Sparky,Sparky
GMC,GMC Acadia,Acadia
GMC,GMC C-SUV,C-SUV
GMC,GMC Envoy,Envoy
GMC,GMC G Model,G Model
GMC,GMC Jimmy,Jimmy
GMC,GMC Safari,Safari
GMC,GMC Savana,Savana
GMC,GMC Sierra,Sierra
GMC,GMC Suburban,Suburban
GMC,GMC Terrain,Terrain
GMC,GMC Vandura,Vandura
GMC,GMC Yukon,Yukon
GMC,GMC Yukon XL,Yukon XL
Golden Dragon,Golden Dragon Hiace,Hiace
Gonow,Gonow Aoxuan G5,Aoxuan G5
Gonow,Gonow GX6,GX6
Gonow,Gonow Troy,Troy
Gonow,Gonow X-Space,X-Space
Great Wall,Great Wall Cool Bear,Cool Bear
Great Wall,Great Wall Cowry,Cowry
Great Wall,Great Wall Deer,Deer
Great Wall,Great Wall Florid,Florid
Great Wall,Great Wall GWPeri,GWPeri
Great Wall,Great Wall Haval H5,Haval H5
Great Wall,Great Wall Haval M2,Haval M2
Great Wall,Great Wall Hover,Hover
Great Wall,Great Wall Hover CUV,Hover CUV
Great Wall,Great Wall Hover H1,Hover H1
Great Wall,Great Wall Hover H2,Hover H2
Great Wall,Great Wall Hover H5,Hover H5
Great Wall,Great Wall Hover H6,Hover H6
Great Wall,Great Wall Hover H6S,Hover H6S
Great Wall,Great Wall Hover H8,Hover H8
Great Wall,Great Wall Hover H9,Hover H9
Great Wall,Great Wall M4,M4
Great Wall,Great Wall Steed,Steed
Great Wall,Great Wall Voleex C10,Voleex C10
Great Wall,Great Wall Voleex C20R,Voleex C20R
Great Wall,Great Wall Voleex C30,Voleex C30
Great Wall,Great Wall Wingle,Wingle
Guangzhou Auto,Guangzhou Auto Chuanqi GA3,Chuanqi GA3
Guangzhou Auto,Guangzhou Auto Chuanqi GA6,Chuanqi GA6
Guangzhou Auto,Guangzhou Auto Chuanqi GS5,Chuanqi GS5
Guangzhou Auto,Guangzhou Auto GA6,GA6
Hafei,Hafei Lobo,Lobo
Hafei,Hafei Loda Pickup,Loda Pickup
Hafei,Hafei Lubao,Lubao
Hafei,Hafei Mini Bus,Mini Bus
Haima,Haima 1,Haima 1
Haima,Haima 2,Haima 2)
Haima,Haima 3,Haima 3
Haima,Haima 7,Haima 7
Haima,Haima Family,Family
Haima,Haima Family II,Family II
Haima,Haima Freema,Freema
Haima,Haima Fushida,Fushida
Haima,Haima Qishi,Qishi
HAVAL,HAVAL Hover H2,Hover H2
HAVAL,HAVAL Hover H5,Hover H5
HAVAL,HAVAL Hover H8,Hover H8
HAVAL,HAVAL Hover H9,Hover H9
Hawtai,Hawtai E70,E70
Honda,Honda Accord,Accord
Honda,Honda Avancier,Avancier
Honda,Honda Ballade,Ballade
Honda,Honda Brio,Brio
Honda,Honda BR-V,BR-V
Honda,Honda City,City
Honda,Honda Civic,Civic
Honda,Honda CR-V,CR-V
Honda,Honda CR-Z,CR-Z
Honda,Honda FR-V,FR-V
Honda,Honda Gienia,Gienia
Honda,Honda HR-V,HR-V
Honda,Honda Insight,Insight
Honda,Honda Integra,Integra
Honda,Honda Jazz,Jazz
Honda,Honda Legend,Legend
Honda,Honda Mobilio,Mobilio
Honda,Honda MR-V,MR-V
Honda,Honda NSX,NSX
Honda,Honda Odyssey,Odyssey
Honda,Honda Pilot,Pilot
Honda,Honda Prelude,Prelude
Honda,Honda S2000,S2000
Honda,Honda Stream,Stream
Honda,Honda Vezel,Vezel
Honda,Honda B-CUV BEV,B-CUV BEV
Hongqi,Hongqi L5,L5
Huapu,Huapu Maple C31,Maple C31
Huapu,Huapu Maple C51,Maple C51
Huapu,Huapu Maple C52,Maple C52
Hummer,Hummer H2,H2
Hummer,Hummer H3,H3
Hummer,Hummer H3T,H3T
Hyundai,Hyundai A+CUV,A+CUV
Hyundai,Hyundai Accent,Accent
Hyundai,Hyundai Atoz,Atoz
Hyundai,Hyundai Azera,Azera
Hyundai,Hyundai Centennial,Centennial
Hyundai,Hyundai Coupe,Coupe
Hyundai,Hyundai Creta,Creta
Hyundai,Hyundai Elantra,Elantra
Hyundai,Hyundai Equus,Equus
Hyundai,Hyundai E-SUV,E-SUV
Hyundai,Hyundai Galloper,Galloper
Hyundai,Hyundai Genesis,Genesis
Hyundai,Hyundai Genesis Coupe,Genesis Coupe
Hyundai,Hyundai Getz,Getz
Hyundai,Hyundai Grace,Grace
Hyundai,Hyundai Grand i10,Grand i10
Hyundai,Hyundai Grandeur,Grandeur
Hyundai,Hyundai H1,H1
Hyundai,Hyundai H1 Van,H1 Van
Hyundai,Hyundai H100 Pickup,H100 Pickup
Hyundai,Hyundai H100 Van,H100 Van
Hyundai,Hyundai H350,H350
Hyundai,Hyundai i10,i10
Hyundai,Hyundai i20,i20
Hyundai,Hyundai i30,i30
Hyundai,Hyundai i40,i40
Hyundai,Hyundai Ioniq,Ioniq
Hyundai,Hyundai ix20,ix20
Hyundai,Hyundai iX35,iX35
Hyundai,Hyundai ix55,ix55
Hyundai,Hyundai Lantra,Lantra
Hyundai,Hyundai Lavita,Lavita
Hyundai,Hyundai Matrix,Matrix
Hyundai,Hyundai Nouva Tour Bus,Nouva Tour Bus
Hyundai,Hyundai Porter,Porter
Hyundai,Hyundai Rocsta,Rocsta
Hyundai,Hyundai Sahara Bus,Sahara Bus
Hyundai,Hyundai Santa Cruz,Santa Cruz
Hyundai,Hyundai Santa Fe,Santa Fe
Hyundai,Hyundai Santamo,Santamo
Hyundai,Hyundai Santro,Santro
Hyundai,Hyundai Shehzore,Shehzore
Hyundai,Hyundai Solaris,Solaris
Hyundai,Hyundai Sonata,Sonata
Hyundai,Hyundai Stallion Bus,Stallion Bus
Hyundai,Hyundai Starex,Starex
Hyundai,Hyundai Terracan,Terracan
Hyundai,Hyundai Tiburon,Tiburon
Hyundai,Hyundai Trajet,Trajet
Hyundai,Hyundai Tucson,Tucson
Hyundai,Hyundai Tuscani,Tuscani
Hyundai,Hyundai Veloster,Veloster
Hyundai,Hyundai Veracruz,Veracruz
Hyundai,Hyundai Verna,Verna
Hyundai,Hyundai Verna Viva,Verna Viva
Hyundai,Hyundai Visto,Visto
Hyundai,Hyundai XG,XG
Hyundai,Hyundai KONA,KONA
Hyundai,Hyundai i25,i25
Infiniti,Infiniti EV,EV
Infiniti,Infiniti EX,EX
Infiniti,Infiniti FX,FX
Infiniti,Infiniti G,G
Infiniti,Infiniti JX,JX
Infiniti,Infiniti M,M
Infiniti,Infiniti Q30,Q30
Infiniti,Infiniti Q45,Q45
Infiniti,Infiniti Q50,Q50
Infiniti,Infiniti Q60,Q60
Infiniti,Infiniti Q70,Q70
Infiniti,Infiniti QX,QX
Infiniti,Infiniti QX30,QX30
Infiniti,Infiniti QX50,QX50
Infiniti,Infiniti QX56,QX56
Infiniti,Infiniti QX60,QX60
Infiniti,Infiniti QX70,QX70
Infiniti,Infiniti QX80,QX80
Iran Khodro,Iran Khodro Arisun,Arisun
Iran Khodro,Iran Khodro Bardo,Bardo
Iran Khodro,Iran Khodro Dena,Dena
Iran Khodro,Iran Khodro Paykan,Paykan
Iran Khodro,Iran Khodro Runna,Runna
Iran Khodro,Iran Khodro Samand,Samand
Isuzu,Isuzu Ascender,Ascender
Isuzu,Isuzu D-Max,D-Max
Isuzu,Isuzu Faster,Faster
Isuzu,Isuzu Frontier,Frontier
Isuzu,Isuzu KB,KB
Isuzu,Isuzu KB-Series,KB-Series
Isuzu,Isuzu MU-7,MU-7
Isuzu,Isuzu Rodeo,Rodeo
Isuzu,Isuzu Trooper,Trooper
Isuzu,Isuzu VehiCROSS,VehiCROSS
Isuzu,Isuzu WFR,WFR
Iveco,Iveco Daily,Daily
Iveco,Iveco Massif,Massif
JAC,JAC HFC 1060 series,HFC 1060 series
JAC,JAC J2,J2
JAC,JAC J3,J3
JAC,JAC J3 Turin,J3 Turin
JAC,JAC J4,J4
JAC,JAC J5,J5
JAC,JAC J6,J6
JAC,JAC S2,S2
JAC,JAC S3,S3
JAC,JAC S5,S5
JAC,JAC T6,T6
Jaguar,Jaguar C-CUV,C-CUV
Jaguar,Jaguar E-PACE,E-PACE
Jaguar,Jaguar F-PACE,F-PACE
Jaguar,Jaguar F-Type,F-Type
Jaguar,Jaguar I-PACE,I-PACE
Jaguar,Jaguar I-Type,I-Type
Jaguar,Jaguar S-Type,S-Type
Jaguar,Jaguar XE,XE
Jaguar,Jaguar XF,XF
Jaguar,Jaguar XJ,XJ
Jaguar,Jaguar XK,XK
Jaguar,Jaguar X-Type,X-Type
Jeep,Jeep B-CUV,B-CUV
Jeep,Jeep Cherokee,Cherokee
Jeep,Jeep Commander,Commander
Jeep,Jeep Compass,Compass
Jeep,Jeep C-Pickup,C-Pickup
Jeep,Jeep Grand Cherokee,Grand Cherokee
Jeep,Jeep Grand Wagoneer,Grand Wagoneer
Jeep,Jeep Patriot,Patriot
Jeep,Jeep Renegade,Renegade
Jeep,Jeep Wagoneer,Wagoneer
Jeep,Jeep Wrangler,Wrangler
Jeep,Jeep Wrangler Unlimited,Wrangler Unlimited
Jianghuai,Jianghuai J3,J3
Jianghuai,Jianghuai J5,J5
Jianghuai,Jianghuai JAC A-Class A137,JAC A-Class A137
Jianghuai,Jianghuai JAC A-Class A138,JAC A-Class A138
Jianghuai,Jianghuai JAC A-MINI,JAC A-MINI
Jianghuai,Jianghuai JAC B-Class,JAC B-Class
Jianghuai,Jianghuai JAC B-Cross,JAC B-Cross
Jianghuai,Jianghuai JAC Eagle,JAC Eagle
Jianghuai,Jianghuai JAC L200 Pickup,JAC L200 Pickup
Jianghuai,Jianghuai JAC Pickup,JAC Pickup
Jianghuai,Jianghuai JAC Refine,JAC Refine
Jianghuai,Jianghuai S5,S5
Jianghuai,Jianghuai Tongyue,Tongyue
Jinbei,Jinbei H2,H2
Jinbei,Jinbei Haise,Haise
Jinbei,Jinbei Haise Combi,Haise Combi
Jinbei,Jinbei Haixing,Haixing
Jinbei,Jinbei Hiace,Hiace
JMC,JMC Boarding,Boarding
JMC,JMC Carrying,Carrying
JMC,JMC Vigus,Vigus
Jonway Auto,Jonway Auto A380,A380
Karry,Karry Q22,Q22
Kia,Kia B-CUV,B-CUV
Kia,Kia Besta,Besta
Kia,Kia Bongo,Bongo
Kia,Kia Bongo Pickup,Bongo Pickup
Kia,Kia Cadenza,Cadenza
Kia,Kia Carens,Carens
Kia,Kia Carnival,Carnival
Kia,Kia Cee'd,Cee'd
Kia,Kia Cerato,Cerato
Kia,Kia Cerato Koup,Cerato Koup
Kia,Kia Ceres,Ceres
Kia,Kia Clarus,Clarus
Kia,Kia Credos,Credos
Kia,Kia Elan,Elan
Kia,Kia Enterprise,Enterprise
Kia,Kia Forte,Forte
Kia,Kia Frontier,Frontier
Kia,Kia Frontier Pickup,Frontier Pickup
Kia,Kia Grand Carnival,Grand Carnival
Kia,Kia K2700,K2700
Kia,Kia K3,K3
Kia,Kia K-Series,K-Series
Kia,Kia Magentis,Magentis
Kia,Kia Mohave,Mohave
Kia,Kia Niro,Niro
Kia,Kia Opirus,Opirus
Kia,Kia Optima,Optima
Kia,Kia Picanto,Picanto
Kia,Kia Pregio,Pregio
Kia,Kia Pride,Pride
Kia,Kia Quoris,Quoris
Kia,Kia Rio,Rio
Kia,Kia Sedona,Sedona
Kia,Kia Sephia,Sephia
Kia,Kia Shuma,Shuma
Kia,Kia Sorento,Sorento
Kia,Kia Soul,Soul
Kia,Kia Spectra,Spectra
Kia,Kia Sportage,Sportage
Kia,Kia Titan,Titan
Kia,Kia Towner,Towner
Kia,Kia Towner Combo Bus,Towner Combo Bus
Kia,Kia Stinger,Stinger
Kia,Kia Stonic,Stonic
King Long,King Long XMQ6520,XMQ6520
Kish Khodro,Kish Khodro Sinad,Sinad
Komodo,Komodo VLX,VLX
Lada,Lada 2104-2107,2104-2107
Lada,Lada 2110 Series,2110 Series
Lada,Lada 4x4,4x4
Lada,Lada Classic 2107,Classic 2107
Lada,Lada Granta,Granta
Lada,Lada Niva/4x4,Niva/4x4
Lada,Lada Samara 2108-2109,Samara 2108-2109
Lada,Lada Samara II,Samara II
Lada,Lada XRAY,XRAY
Lancia,Lancia Delta,Delta
Lancia,Lancia K,K
Lancia,Lancia Lybra,Lybra
Lancia,Lancia Thema,Thema
Lancia,Lancia Thesis,Thesis
Lancia,Lancia Ypsilon,Ypsilon
Land Rover,Land Rover Defender,Defender
Land Rover,Land Rover Defender Sport,Defender Sport
Land Rover,Land Rover Discovery,Discovery
Land Rover,Land Rover Discovery Sport,Discovery Sport
Land Rover,Land Rover Freelander,Freelander
Land Rover,Land Rover Range Rover,Range Rover
Land Rover,Land Rover Range Rover Evoque,Range Rover Evoque
Land Rover,Land Rover Range Rover Sport,Range Rover Sport
Land Rover,Land Rover Range Rover Velar,Range Rover Velar
Landwind,Landwind Fashion,Fashion
Landwind,Landwind SUV,SUV
Landwind,Landwind X5,X5
Lexus,Lexus CT,CT
Lexus,Lexus ES,ES
Lexus,Lexus GS,GS
Lexus,Lexus GX,GX
Lexus,Lexus IS,IS
Lexus,Lexus LC,LC
Lexus,Lexus LF-A,LF-A
Lexus,Lexus LS,LS
Lexus,Lexus LX,LX
Lexus,Lexus NX,NX
Lexus,Lexus RC,RC
Lexus,Lexus RX,RX
Lexus,Lexus SC,SC
Lexus,Lexus UX,UX
Lifan,Lifan 320,Lifan 320
Lifan,Lifan 330,Lifan 330
Lifan,Lifan 520,Lifan 520
Lifan,Lifan 530,Lifan 530
Lifan,Lifan 620,Lifan 620
Lifan,Lifan 720,Lifan 720
Lifan,Lifan 820,Lifan 820
Lifan,Lifan Lotto,Lotto
Lifan,Lifan X50,X50
Lifan,Lifan X60,X60
Lifan,Lifan Mini Truck,Mini Truck
Lincoln,Lincoln Continental,Continental
Lincoln,Lincoln LS,LS
Lincoln,Lincoln MKC,MKC
Lincoln,Lincoln MKS,MKS
Lincoln,Lincoln MKT,MKT
Lincoln,Lincoln MKX,MKX
Lincoln,Lincoln MKZ,MKZ
Lincoln,Lincoln Navigator,Navigator
Lincoln,Lincoln Town Car,Town Car
Lotus,Lotus 3-ELEVEN,3-ELEVEN
Lotus,Lotus C-CUV,C-CUV
Lotus,Lotus Elise,Elise
Lotus,Lotus Europa,Europa
Lotus,Lotus Evora,Evora
Lotus,Lotus Exige,Exige
Luxgen,Luxgen 7 MPV,7 MPV
Luxgen,Luxgen 7 SUV,7 SUV
Mahindra,Mahindra Bolero Pik-up,Bolero Pik-up
Mahindra,Mahindra Genio,Genio
Mahindra,Mahindra Global MPV,Global MPV
Mahindra,Mahindra KUV100,KUV100
Mahindra,Mahindra Pik-Up,Pik-Up
Mahindra,Mahindra Quanto,Quanto
Mahindra,Mahindra Scorpio,Scorpio
Mahindra,Mahindra Scorpio Pik-Up,Scorpio Pik-Up
Mahindra,Mahindra Thar,Thar
Mahindra,Mahindra TUV300,TUV300
Mahindra,Mahindra XUV500,XUV500
Mahindra,Mahindra Xylo,Xylo
Mahindra,Mahindra Xylo Pik-up,Xylo Pik-up
Maruti-Suzuki,Maruti-Suzuki 800,800
Maxus Datong,Maxus Datong G10,G10
Maxus Datong,Maxus Datong V80,V80
Maybach,Maybach 57/62,57/62
Mazda,Mazda 121,Mazda 121
Mazda,Mazda 2,Mazda 2
Mazda,Mazda 3,Mazda 3
Mazda,Mazda 323,Mazda 323
Mazda,Mazda 5,Mazda 5
Mazda,Mazda 6,Mazda 6
Mazda,Mazda 626,Mazda 626
Mazda,Mazda Atenza,Atenza
Mazda,Mazda Bongo,Bongo
Mazda,Mazda B-Series,B-Series
Mazda,Mazda BT-50,BT-50
Mazda,Mazda Capella,Capella
Mazda,Mazda Cara,Cara
Mazda,Mazda CX-3,CX-3
Mazda,Mazda CX-5,CX-5
Mazda,Mazda CX-7,CX-7
Mazda,Mazda CX-9,CX-9
Mazda,Mazda Demio,Demio
Mazda,Mazda E-Series,E-Series
Mazda,Mazda Etude,Etude
Mazda,Mazda Eunos 800,Eunos 800
Mazda,Mazda Familia,Familia
Mazda,Mazda Fighter,Fighter
Mazda,Mazda Marathon,Marathon
Mazda,Mazda Miata,Miata
Mazda,Mazda MPV,MPV
Mazda,Mazda MX-5,MX-5
Mazda,Mazda Premacy,Premacy
Mazda,Mazda Proceed Marvie,Proceed Marvie
Mazda,Mazda Rustler Ute,Rustler Ute
Mazda,Mazda RX-7,RX-7
Mazda,Mazda RX-8,RX-8
Mazda,Mazda Tribute,Tribute
Mazda,Mazda Xedos 6/9,Xedos 6/9
Mazda,Mazda B-Hatch xEV,B-Hatch xEV
Mercedes-Benz,Mercedes-Benz A-Class,A-Class
Mercedes-Benz,Mercedes-Benz A-Class Coupe,A-Class Coupe
Mercedes-Benz,Mercedes-Benz B-Class,B-Class
Mercedes-Benz,Mercedes-Benz B-CUV,B-CUV
Mercedes-Benz,Mercedes-Benz C-Class,C-Class
Mercedes-Benz,Mercedes-Benz Citan,Citan
Mercedes-Benz,Mercedes-Benz Citan Combi,Citan Combi
Mercedes-Benz,Mercedes-Benz CL,CL
Mercedes-Benz,Mercedes-Benz CLA,CLA
Mercedes-Benz,Mercedes-Benz CLC,CLC
Mercedes-Benz,Mercedes-Benz CLK,CLK
Mercedes-Benz,Mercedes-Benz CLS,CLS
Mercedes-Benz,Mercedes-Benz Compact Sedan,Compact Sedan
Mercedes-Benz,Mercedes-Benz E-Class,E-Class
Mercedes-Benz,Mercedes-Benz EQ C-CUV,EQ C-CUV
Mercedes-Benz,Mercedes-Benz EQ D-CUV,EQ D-CUV
Mercedes-Benz,Mercedes-Benz EQ D-Sedan,EQ D-Sedan
Mercedes-Benz,Mercedes-Benz EQ E-Sedan,EQ E-Sedan
Mercedes-Benz,Mercedes-Benz G-Class,G-Class
Mercedes-Benz,Mercedes-Benz GLA,GLA
Mercedes-Benz,Mercedes-Benz GLB,GLB
Mercedes-Benz,Mercedes-Benz GLC,GLC
Mercedes-Benz,Mercedes-Benz GLC Coupe,GLC Coupe
Mercedes-Benz,Mercedes-Benz GL-Class,GL-Class
Mercedes-Benz,Mercedes-Benz GLE,GLE
Mercedes-Benz,Mercedes-Benz GLE Coupe,GLE Coupe
Mercedes-Benz,Mercedes-Benz GLK,GLK
Mercedes-Benz,Mercedes-Benz GLS,GLS
Mercedes-Benz,Mercedes-Benz GT,GT
Mercedes-Benz,Mercedes-Benz GT-4,GT-4
Mercedes-Benz,Mercedes-Benz ML-Class,ML-Class
Mercedes-Benz,Mercedes-Benz R50,R50
Mercedes-Benz,Mercedes-Benz R-Class,R-Class
Mercedes-Benz,Mercedes-Benz S-Class,S-Class
Mercedes-Benz,Mercedes-Benz S-Class Coupe,S-Class Coupe
Mercedes-Benz,Mercedes-Benz SL,SL
Mercedes-Benz,Mercedes-Benz SLC,SLC
Mercedes-Benz,Mercedes-Benz SLK,SLK
Mercedes-Benz,Mercedes-Benz SLR,SLR
Mercedes-Benz,Mercedes-Benz SLS,SLS
Mercedes-Benz,Mercedes-Benz Sprinter,Sprinter
Mercedes-Benz,Mercedes-Benz Vaneo,Vaneo
Mercedes-Benz,Mercedes-Benz V-Class,V-Class
Mercedes-Benz,Mercedes-Benz Viano,Viano
Mercedes-Benz,Mercedes-Benz Vito,Vito
Mercedes-Benz,Mercedes-Benz Vito Combi,Vito Combi
Mercedes-Benz,Mercedes-Benz X-Class,X-Class
Mercury,Mercury Five Hundred,Five Hundred
Mercury,Mercury Grand Marquis,Grand Marquis
Mercury,Mercury Mariner,Mariner
Mercury,Mercury Milan,Milan
Mercury,Mercury Montego,Montego
Mercury,Mercury Monterey,Monterey
Mercury,Mercury Mountaineer,Mountaineer
Mercury,Mercury Mystique,Mystique
Mercury,Mercury Sable,Sable
MG,MG 3,MG 3
MG,MG 350,MG 350
MG,MG 5,MG 5
MG,MG 550,MG 550
MG,MG 6,MG 6
MG,MG 750,MG 750
MG,MG GS,GS
MG,MG GT,GT
MG,MG ZS,ZS
Mini,Mini Clubman,Clubman
Mini,Mini Countryman,Countryman
Mini,Mini Coupe,Coupe
Mini,Mini C-Sedan,C-Sedan
Mini,Mini Mini,Mini
Mini,Mini Paceman,Paceman
Mini,Mini Roadster,Roadster
Mini,Mini Superleggera,Superleggera
Mitsubishi,Mitsubishi Airtrek,Airtrek
Mitsubishi,Mitsubishi ASX,ASX
Mitsubishi,Mitsubishi Attrage,Attrage
Mitsubishi,Mitsubishi Carisma,Carisma
Mitsubishi,Mitsubishi Cedia,Cedia
Mitsubishi,Mitsubishi Challenger,Challenger
Mitsubishi,Mitsubishi Chariot,Chariot
Mitsubishi,Mitsubishi Colt,Colt
Mitsubishi,Mitsubishi Delica,Delica
Mitsubishi,Mitsubishi Eclipse,Eclipse
Mitsubishi,Mitsubishi Forte,Forte
Mitsubishi,Mitsubishi Galant,Galant
Mitsubishi,Mitsubishi Grandis,Grandis
Mitsubishi,Mitsubishi i-MiEV,i-MiEV
Mitsubishi,Mitsubishi L200,L200
Mitsubishi,Mitsubishi L200 Colt,L200 Colt
Mitsubishi,Mitsubishi L200 Strada,L200 Strada
Mitsubishi,Mitsubishi L300,L300
Mitsubishi,Mitsubishi Lancer,Lancer
Mitsubishi,Mitsubishi Lancer EX,Lancer EX
Mitsubishi,Mitsubishi Magna,Magna
Mitsubishi,Mitsubishi Mirage,Mirage
Mitsubishi,Mitsubishi Montero Sport,Montero Sport
Mitsubishi,Mitsubishi Outlander,Outlander
Mitsubishi,Mitsubishi Outlander Sport,Outlander Sport
Mitsubishi,Mitsubishi Pajero,Pajero
Mitsubishi,Mitsubishi Pajero IO,Pajero IO
Mitsubishi,Mitsubishi Pajero Sport,Pajero Sport
Mitsubishi,Mitsubishi Pajero/Shogun,Pajero/Shogun
Mitsubishi,Mitsubishi Space Wagon,Space Wagon
Mitsubishi,Mitsubishi Spacestar,Spacestar
Mitsubishi,Mitsubishi Triton,Triton
Mitsubishi,Mitsubishi Eclipse Cross,Eclipse Cross
Morgan,Morgan Plus 4/Plus 8,Plus 4/Plus 8
Nasr,Nasr 128 Nova,128 Nova
Nasr,Nasr 131 Dogan,131 Dogan
Nasr,Nasr Tempra,Tempra
Nissan,Nissan 350Z,350Z
Nissan,Nissan 370Z,370Z
Nissan,Nissan Almera,Almera
Nissan,Nissan Altima,Altima
Nissan,Nissan Bakkie,Bakkie
Nissan,Nissan Bluebird Sylphy,Bluebird Sylphy
Nissan,Nissan Cabstar,Cabstar
Nissan,Nissan Cedric,Cedric
Nissan,Nissan Cima,Cima
Nissan,Nissan Compact Pickup,Compact Pickup
Nissan,Nissan D21/D22,D21/D22
Nissan,Nissan Datsun Pickup,Datsun Pickup
Nissan,Nissan Evalia,Evalia
Nissan,Nissan Frontier,Frontier
Nissan,Nissan Fuga,Fuga
Nissan,Nissan Grand Livina,Grand Livina
Nissan,Nissan GT-R,GT-R
Nissan,Nissan Hardbody,Hardbody
Nissan,Nissan Interstar,Interstar
Nissan,Nissan Juke,Juke
Nissan,Nissan Kicks,Kicks
Nissan,Nissan Leaf,Leaf
Nissan,Nissan Livina,Livina
Nissan,Nissan Livina X-Gear,Livina X-Gear
Nissan,Nissan Maxima,Maxima
Nissan,Nissan Micra,Micra
Nissan,Nissan Murano,Murano
Nissan,Nissan Navara,Navara
Nissan,Nissan Nissan Pathfinder,Pathfinder
Nissan,Nissan Note,Note
Nissan,Nissan NP200,NP200
Nissan,Nissan NP300 Hardbody,NP300 Hardbody
Nissan,Nissan NV200,NV200
Nissan,Nissan NV200 Combi,NV200 Combi
Nissan,Nissan NV300,NV300
Nissan,Nissan NV350,NV350
Nissan,Nissan Paris,Paris
Nissan,Nissan Pathfinder,Pathfinder
Nissan,Nissan Patrol,Patrol
Nissan,Nissan Patrol Pickup,Patrol Pickup
Nissan,Nissan Pickup,Pickup
Nissan,Nissan Pixo,Pixo
Nissan,Nissan Primastar,Primastar
Nissan,Nissan Primera,Primera
Nissan,Nissan Pulsar,Pulsar
Nissan,Nissan Qashqai,Qashqai
Nissan,Nissan Qashqai+2,Qashqai+2
Nissan,Nissan Roniz,Roniz
Nissan,Nissan Sabre,Sabre
Nissan,Nissan Sentra,Sentra
Nissan,Nissan Serena,Serena
Nissan,Nissan Skyline,Skyline
Nissan,Nissan Sunny,Sunny
Nissan,Nissan Sunny EX,Sunny EX
Nissan,Nissan Sylphy,Sylphy
Nissan,Nissan Teana,Teana
Nissan,Nissan Terrano II,Terrano II
Nissan,Nissan Tiida,Tiida
Nissan,Nissan Urvan,Urvan
Nissan,Nissan Xterra,Xterra
Nissan,Nissan X-Trail,X-Trail
Nissan,Nissan NT400,NT400
Nissan Diesel,Nissan Diesel Cabstar,Cabstar
Opel,Opel Adam,Adam
Opel,Opel Adam X,Adam X
Opel,Opel Ampera,Ampera
Opel,Opel Ampera-e,Ampera-e
Opel,Opel Antara,Antara
Opel,Opel Astra,Astra
Opel,Opel Cascada,Cascada
Opel,Opel Combo,Combo
Opel,Opel Corsa,Corsa
Opel,Opel Corsa Pickup,Corsa Pickup
Opel,Opel Corsa Utility,Corsa Utility
Opel,Opel Crossland X,Crossland X
Opel,Opel D-CUV,D-CUV
Opel,Opel Equinox,Equinox
Opel,Opel Frontera,Frontera
Opel,Opel Grandland X,Grandland X
Opel,Opel Insignia,Insignia
Opel,Opel Kadett,Kadett
Opel,Opel Meriva,Meriva
Opel,Opel Mokka,Mokka
Opel,Opel Mokka X,Mokka X
Opel,Opel Movano,Movano
Opel,Opel Omega,Omega
Opel,Opel Signum,Signum
Opel,Opel Tigra,Tigra
Opel,Opel Vectra,Vectra
Opel,Opel Vivaro,Vivaro
Opel,Opel Zafira,Zafira
Opel,Opel Zafira Tourer,Zafira Tourer
Others,Others Others CV,CV
Others,Others Others PV,PV
Perodua,Perodua Kancil,Kancil
Perodua,Perodua Kelisa,Kelisa
Peugeot,Peugeot 1007,1007
Peugeot,Peugeot 106,106
Peugeot,Peugeot 107,107
Peugeot,Peugeot 108,108
Peugeot,Peugeot 2008,2008
Peugeot,Peugeot 205,205
Peugeot,Peugeot 206,206
Peugeot,Peugeot 206 Plus,206 Plus
Peugeot,Peugeot 207,207
Peugeot,Peugeot 207i,207i
Peugeot,Peugeot 208,208
Peugeot,Peugeot 3008,3008
Peugeot,Peugeot 301,301
Peugeot,Peugeot 306,306
Peugeot,Peugeot 307,307
Peugeot,Peugeot 308,308
Peugeot,Peugeot 4007,4007
Peugeot,Peugeot 4008,4008
Peugeot,Peugeot 405,405
Peugeot,Peugeot 406,406
Peugeot,Peugeot 407,407
Peugeot,Peugeot 408,408
Peugeot,Peugeot 5008,5008
Peugeot,Peugeot 504,504
Peugeot,Peugeot 508,508
Peugeot,Peugeot 6008,6008
Peugeot,Peugeot 605,605
Peugeot,Peugeot 607,607
Peugeot,Peugeot 806,806
Peugeot,Peugeot 807,807
Peugeot,Peugeot Bipper,Bipper
Peugeot,Peugeot Bipper Tepee,Bipper Tepee
Peugeot,Peugeot Boxer,Boxer
Peugeot,Peugeot Expert,Expert
Peugeot,Peugeot Expert Tepee,Expert Tepee
Peugeot,Peugeot iOn,iOn
Peugeot,Peugeot Pars,Pars
Peugeot,Peugeot Partner,Partner
Peugeot,Peugeot Partner Tepee,Partner Tepee
Peugeot,Peugeot RCZ,RCZ
Peugeot,Peugeot C-CUV,C-CUV
Peugeot,Peugeot B-Hatch,B-Hatch
Peugeot,Peugeot B-Sedan,B-Sedan
Peugeot,Peugeot B-SUV,B-SUV
Peugeot,Peugeot 405 RD/ROA,405 RD/ROA
Piaggio,Piaggio Porter,Porter
Plymouth,Plymouth Neon,Neon
Plymouth,Plymouth Voyager,Voyager
Pontiac,Pontiac Montana,Montana
Porsche,Porsche 911,911
Porsche,Porsche 918 Spyder,918 Spyder
Porsche,Porsche 960,960
Porsche,Porsche Boxster,Boxster
Porsche,Porsche Cayenne,Cayenne
Porsche,Porsche Cayenne Coupe,Cayenne Coupe
Porsche,Porsche Cayman,Cayman
Porsche,Porsche Macan,Macan
Porsche,Porsche Macan Coupe,Macan Coupe
Porsche,Porsche Mission E,Mission E
Porsche,Porsche Panamera,Panamera
Proton,Proton Arena,Arena
Proton,Proton Gen2,Gen2
Proton,Proton Iriz,Iriz
Proton,Proton Persona,Persona
Proton,Proton Preve,Preve
Proton,Proton Saga,Saga
Proton,Proton Satria Neo,Satria Neo
Proton,Proton Savvy,Savvy
Proton,Proton Waja,Waja
Proton,Proton Wira,Wira
Qoros,Qoros 3,Qoros 3
Qoros,Qoros 3 Cross,Qoros 3 Cross
Qoros,Qoros 5,Qoros 5
Qoros,Qoros B-CUV,B-CUV
Qoros,Qoros B-Hatch,B-Hatch
Qoros,Qoros B-Sedan,B-Sedan
Rely,Rely X5,X5
Renault,Renault Alaskan,Alaskan
Renault,Renault B-CUV,B-CUV
Renault,Renault Captur,Captur
Renault,Renault Clio,Clio
Renault,Renault Clio Campus,Clio Campus
Renault,Renault Dokker Van,Dokker Van
Renault,Renault Duster,Duster
Renault,Renault Duster Oroch,Duster Oroch
Renault,Renault Espace,Espace
Renault,Renault Express,Express
Renault,Renault Fluence,Fluence
Renault,Renault Grand Scenic,Grand Scenic
Renault,Renault Kadjar,Kadjar
Renault,Renault Kangoo,Kangoo
Renault,Renault Kangoo Evolution,Kangoo Evolution
Renault,Renault Kangoo Passenger,Kangoo Passenger
Renault,Renault Kangoo Van,Kangoo Van
Renault,Renault Koleos,Koleos
Renault,Renault Kwid,Kwid
Renault,Renault Laguna,Laguna
Renault,Renault Laguna Coupe,Laguna Coupe
Renault,Renault Latitude,Latitude
Renault,Renault Lodgy,Lodgy
Renault,Renault Logan,Logan
Renault,Renault Logan MCV,Logan MCV
Renault,Renault Logan Van,Logan Van
Renault,Renault Mascott,Mascott
Renault,Renault Master,Master
Renault,Renault Master Passenger,Master Passenger
Renault,Renault Megane,Megane
Renault,Renault Modus,Modus
Renault,Renault R19,R19
Renault,Renault R9,R9
Renault,Renault Safrane,Safrane
Renault,Renault Sandero,Sandero
Renault,Renault Scala,Scala
Renault,Renault Scenic,Scenic
Renault,Renault Symbol,Symbol
Renault,Renault Symbol/Thalia,Symbol/Thalia
Renault,Renault Talisman,Talisman
Renault,Renault Tondar,Tondar
Renault,Renault Trafic,Trafic
Renault,Renault Trafic Passenger,Trafic Passenger
Renault,Renault Twingo,Twingo
Renault,Renault Vel Satis,Vel Satis
Renault,Renault Zoe,Zoe
Renault Samsung,Renault Samsung SM3,SM3
Renault Samsung,Renault Samsung SV 110,SV 110
Renault Samsung,Samsung SM5,Samsung SM5
Renault Samsung,Samsung SM3,Samsung SM3
Renault Samsung,Samsung QM5,Samsung QM5
Reva,Reva NXR,NXR
Riich,Riich G5,G5
Riich,Riich G6,G6
Riich,Riich M1,M1
Riich,Riich X1,X1
Roewe,Roewe 360,360
Roewe,Roewe 550,550
Roewe,Roewe B-Sedan,B-Sedan
Rover,Rover 200/25,200/25
Rover,Rover 400/45,400/45
Rover,Rover 75,75
Saab,Saab 9000,9000
Saab,Saab 9-3,3-Sep
Saab,Saab 9-5,5-Sep
SAIPA,Kia Rio,Kia Rio
SAIPA,SAIPA 100-Series,100-Series
SAIPA,SAIPA Ario,Ario
SAIPA,SAIPA Carvan,Carvan
SAIPA,SAIPA P.K.,P.K.
SAIPA,SAIPA Pride,Pride
SAIPA,SAIPA Pride Van,Pride Van
SAIPA,SAIPA Saina,Saina
SAIPA,SAIPA Tiba,Tiba
Santana,Santana 300/350,300/350
Santana,Santana Anibal,Anibal
Skoda,Skoda B-CUV,B-CUV
Skoda,Skoda Citigo,Citigo
Skoda,Skoda Fabia,Fabia
Skoda,Skoda Felicia,Felicia
Skoda,Skoda Kodiaq,Kodiaq
Skoda,Skoda Octavia,Octavia
Skoda,Skoda Praktik,Praktik
Skoda,Skoda Rapid,Rapid
Skoda,Skoda Rapid Spaceback,Rapid Spaceback
Skoda,Skoda Roomster,Roomster
Skoda,Skoda Superb,Superb
Skoda,Skoda Yeti,Yeti
Smart,Smart forfour,forfour
Smart,Smart Fortwo,Fortwo
Smart,Smart roadster,roadster
Speranza,Speranza A113,A113
Speranza,Speranza A213,A213
Speranza,Speranza A516,A516
Speranza,Speranza A620,A620
Speranza,Speranza Envy,Envy
Speranza,Speranza M11,M11
Speranza,Speranza M12,M12
Speranza,Speranza Tiggo T3,Tiggo T3
Ssangyong,Ssangyong Actyon,Actyon
Ssangyong,Ssangyong Actyon Sports,Actyon Sports
Ssangyong,Ssangyong Chairman,Chairman
Ssangyong,Ssangyong Istana,Istana
Ssangyong,Ssangyong Korando,Korando
Ssangyong,Ssangyong Korando C,Korando C
Ssangyong,Ssangyong Korando Sports,Korando Sports
Ssangyong,Ssangyong Korando Turismo,Korando Turismo
Ssangyong,Ssangyong Kyron,Kyron
Ssangyong,Ssangyong Musso,Musso
Ssangyong,Ssangyong Rexton,Rexton
Ssangyong,Ssangyong Rodius,Rodius
Ssangyong,Ssangyong Stavic,Stavic
Ssangyong,Ssangyong Tivoli,Tivoli
Ssangyong,Ssangyong Tivoli XLV,Tivoli XLV
Subaru,Subaru BRZ,BRZ
Subaru,Subaru Forester,Forester
Subaru,Subaru Impreza,Impreza
Subaru,Subaru Legacy,Legacy
Subaru,Subaru Leone,Leone
Subaru,Subaru Levorg,Levorg
Subaru,Subaru Outback,Outback
Subaru,Subaru Trezia,Trezia
Subaru,Subaru Tribeca,Tribeca
Subaru,Subaru WRX,WRX
Subaru,Subaru XV,XV
Suzuki,Suzuki Aerio,Aerio
Suzuki,Suzuki Alto,Alto
Suzuki,Suzuki Alto800,Alto800
Suzuki,Suzuki APV,APV
Suzuki,Suzuki Baleno,Baleno
Suzuki,Suzuki Bolan,Bolan
Suzuki,Suzuki Carry Pickup,Carry Pickup
Suzuki,Suzuki Carry Van,Carry Van
Suzuki,Suzuki Celerio,Celerio
Suzuki,Suzuki Ciaz,Ciaz
Suzuki,Suzuki Cultus,Cultus
Suzuki,Suzuki Ertiga,Ertiga
Suzuki,Suzuki Escudo,Escudo
Suzuki,Suzuki Grand Vitara,Grand Vitara
Suzuki,Suzuki Gypsy,Gypsy
Suzuki,Suzuki Ignis,Ignis
Suzuki,Suzuki Jimny,Jimny
Suzuki,Suzuki Kei,Kei
Suzuki,Suzuki Kizashi,Kizashi
Suzuki,Suzuki Liana,Liana
Suzuki,Suzuki Mehran,Mehran
Suzuki,Suzuki Micro Bus,Micro Bus
Suzuki,Suzuki One,Suzuki One
Suzuki,Suzuki Potohar,Potohar
Suzuki,Suzuki Ravi,Ravi
Suzuki,Suzuki S-Cross,S-Cross
Suzuki,Suzuki SJ,SJ
Suzuki,Suzuki Splash,Splash
Suzuki,Suzuki Swift,Swift
Suzuki,Suzuki Swift Dzire,Swift Dzire
Suzuki,Suzuki SX4,SX4
Suzuki,Suzuki SX4 S-Cross,SX4 S-Cross
Suzuki,Suzuki Vitara,Vitara
Suzuki,Suzuki Wagon R,Wagon R
Suzuki,Suzuki Wagon R+,Wagon R+
Suzuki,Suzuki XL-7,XL-7
Tata,Tata Ace,Ace
Tata,Tata Aria,Aria
Tata,Tata B-Line,B-Line
Tata,Tata Bolt,Bolt
Tata,Tata C-SUV,C-SUV
Tata,Tata Indica,Indica
Tata,Tata Indica Vista,Indica Vista
Tata,Tata Indigo,Indigo
Tata,Tata Indigo CS,Indigo CS
Tata,Tata Indigo Manza,Indigo Manza
Tata,Tata Indigo SW,Indigo SW
Tata,Tata Safari,Safari
Tata,Tata Telcoline,Telcoline
Tata,Tata Tiago,Tiago
Tata,Tata Worker,Worker
Tata,Tata Xenon,Xenon
Tata,Tata Zest,Zest
Tesla,Tesla Model 3,Model 3
Tesla,Tesla Model 3 Roadster,Model 3 Roadster
Tesla,Tesla Model S,Model S
Tesla,Tesla Model X,Model X
Tesla,Tesla Model Y,Model Y
Tianjin,Tianjin Meiya,Meiya
Toyota,Toyota 4Runner,4Runner
Toyota,Toyota Alphard,Alphard
Toyota,Toyota Aurion,Aurion
Toyota,Toyota Auris,Auris
Toyota,Toyota Avalon,Avalon
Toyota,Toyota Avanza,Avanza
Toyota,Toyota Avensis,Avensis
Toyota,Toyota Aygo,Aygo
Toyota,Toyota B-CUV,B-CUV
Toyota,Toyota Camry,Camry
Toyota,Toyota Carina,Carina
Toyota,Toyota Century,Century
Toyota,Toyota C-HR,C-HR
Toyota,Toyota Commuter,Commuter
Toyota,Toyota Condor,Condor
Toyota,Toyota Conquest,Conquest
Toyota,Toyota Corolla,Corolla
Toyota,Toyota Corolla Verso,Corolla Verso
Toyota,Toyota Dyna,Dyna
Toyota,Toyota Echo,Echo
Toyota,Toyota Etios,Etios
Toyota,Toyota Etios Liva,Etios Liva
Toyota,Toyota FJ Cruiser,FJ Cruiser
Toyota,Toyota Fortuner,Fortuner
Toyota,Toyota GT 86,GT 86
Toyota,Toyota Hiace,Hiace
Toyota,Toyota Highlander,Highlander
Toyota,Toyota Hilux,Hilux
Toyota,Toyota Hilux Vigo,Hilux Vigo
Toyota,Toyota Innova,Innova
Toyota,Toyota iQ,iQ
Toyota,Toyota Kluger,Kluger
Toyota,Toyota Kluger V,Kluger V
Toyota,Toyota Land Cruiser,Land Cruiser
Toyota,Toyota Land Cruiser 100,Land Cruiser 100
Toyota,Toyota Land Cruiser 200,Land Cruiser 200
Toyota,Toyota Land Cruiser 70,Land Cruiser 70
Toyota,Toyota Land Cruiser Prado,Land Cruiser Prado
Toyota,Toyota MR2,MR2
Toyota,Toyota Premio,Premio
Toyota,Toyota Previa,Previa
Toyota,Toyota Prius,Prius
Toyota,Toyota Prius Plus,Prius Plus
Toyota,Toyota Quantum,Quantum
Toyota,Toyota Quest,Quest
Toyota,Toyota RAV4,RAV4
Toyota,Toyota RunX,RunX
Toyota,Toyota Sequoia,Sequoia
Toyota,Toyota Ses'fikile,Ses'fikile
Toyota,Toyota Supra,Supra
Toyota,Toyota Tarago,Tarago
Toyota,Toyota Tazz,Tazz
Toyota,Toyota Tundra,Tundra
Toyota,Toyota Venture,Venture
Toyota,Toyota Venza,Venza
Toyota,Toyota Verso,Verso
Toyota,Toyota Verso-S,Verso-S
Toyota,Toyota xA,xA
Toyota,Toyota Yaris,Yaris
Toyota,Toyota Yaris Verso,Yaris Verso
Toyota,Toyota Zelas,Zelas
UAZ,UAZ Hunter,Hunter
UAZ,UAZ Patriot,Patriot
UD Trucks,UD Trucks UD-M,UD-M
Volkswagen,Volkswagen Amarok,Amarok
Volkswagen,Volkswagen Arteon,Arteon
Volkswagen,Volkswagen Atlas,Atlas
Volkswagen,Volkswagen B-CUV,B-CUV
Volkswagen,Volkswagen Bora,Bora
Volkswagen,Volkswagen BUDD-e,BUDD-e
Volkswagen,Volkswagen Bulli,Bulli
Volkswagen,Volkswagen Caddy,Caddy
Volkswagen,Volkswagen Caddy Combi,Caddy Combi
Volkswagen,Volkswagen Caddy Life,Caddy Life
Volkswagen,Volkswagen Caddy Van,Caddy Van
Volkswagen,Volkswagen Caravelle,Caravelle
Volkswagen,Volkswagen CC,CC
Volkswagen,Volkswagen C-CUV,C-CUV
Volkswagen,Volkswagen Citi Golf,Citi Golf
Volkswagen,Volkswagen Crafter,Crafter
Volkswagen,Volkswagen Eos,Eos
Volkswagen,Volkswagen Fox,Fox
Volkswagen,Volkswagen Gol,Gol
Volkswagen,Volkswagen Golf,Golf
Volkswagen,Volkswagen Golf Plus,Golf Plus
Volkswagen,Volkswagen Golf Sportsvan,Golf Sportsvan
Volkswagen,Volkswagen ID C-CUV,ID C-CUV
Volkswagen,Volkswagen ID C-Hatch,ID C-Hatch
Volkswagen,Volkswagen ID D-Sedan,ID D-Sedan
Volkswagen,Volkswagen Jetta,Jetta
Volkswagen,Volkswagen Kombi,Kombi
Volkswagen,Volkswagen LT,LT
Volkswagen,Volkswagen Multivan,Multivan
Volkswagen,Volkswagen New Beetle,New Beetle
Volkswagen,Volkswagen New Beetle Convertible,New Beetle Convertible
Volkswagen,Volkswagen Parati,Parati
Volkswagen,Volkswagen Passat,Passat
Volkswagen,Volkswagen Phaeton,Phaeton
Volkswagen,Volkswagen Pickup,Pickup
Volkswagen,Volkswagen Pointer,Pointer
Volkswagen,Volkswagen Polo,Polo
Volkswagen,Volkswagen Polo Classic,Polo Classic
Volkswagen,Volkswagen Polo Vivo,Polo Vivo
Volkswagen,Volkswagen Saveiro,Saveiro
Volkswagen,Volkswagen Scirocco,Scirocco
Volkswagen,Volkswagen Sharan,Sharan
Volkswagen,Volkswagen Suran,Suran
Volkswagen,Volkswagen Tiguan,Tiguan
Volkswagen,Volkswagen Touareg,Touareg
Volkswagen,Volkswagen Touran,Touran
Volkswagen,Volkswagen Transporter,Transporter
Volkswagen,Volkswagen Transporter Shuttle,Transporter Shuttle
Volkswagen,Volkswagen Up!,Up!
Volkswagen,Volkswagen Vento,Vento
Volkswagen,Volkswagen Voyage,Voyage
Volkswagen,Volkswagen Tiguan Allspace,Tiguan Allspace
Volvo,Volvo C30,C30
Volvo,Volvo C70,C70
Volvo,Volvo D-CUV,D-CUV
Volvo,Volvo S/V40,S/V40
Volvo,Volvo S40,S40
Volvo,Volvo S60,S60
Volvo,Volvo S60 Cross Country,S60 Cross Country
Volvo,Volvo S70,S70
Volvo,Volvo S70/V70,S70/V70
Volvo,Volvo S80,S80
Volvo,Volvo S90,S90
Volvo,Volvo V40,V40
Volvo,Volvo V40 Cross Country,V40 Cross Country
Volvo,Volvo V50,V50
Volvo,Volvo V60,V60
Volvo,Volvo V60 Cross Country,V60 Cross Country
Volvo,Volvo V70,V70
Volvo,Volvo V90,V90
Volvo,Volvo V90 Cross Country,V90 Cross Country
Volvo,Volvo XC40,XC40
Volvo,Volvo XC60,XC60
Volvo,Volvo XC70,XC70
Volvo,Volvo XC90,XC90
Yutong,Yutong ZK6608/ZK6660,ZK6608/ZK6660
Zamyad,Zamyad Padra,Padra
Zamyad,Zamyad Shooka,Shooka
Zamyad,Zamyad Z24 FI,Z24 FI
Zamyad,Zamyad Z24 N,Z24 N
Zastava,Zastava 128 Skala,128 Skala
Zastava,Zastava Florida,Florida
Zhonghua,Zhonghua FRV,FRV
Zhonghua,Zhonghua Junjie,Junjie
Zhonghua,Zhonghua Zunchi,Zunchi
Zhongxing,Zhongxing Capra,Capra
Zhongxing,Zhongxing Grand Tiger,Grand Tiger
Zhongxing,Zhongxing Grandtiger,Grandtiger
Zhongxing,Zhongxing GX3,GX3
Zhongxing,Zhongxing Landmark,Landmark
Zotye,Zotye Jingling Janny,Jingling Janny
Zotye,Zotye Nomad,Nomad
Zotye,Zotye T600,T600
Zotye,Zotye Z300,Z300
Borgward,Borgward BX3,BX3
Borgward,Borgward BX5,BX5
Borgward,Borgward BX7,BX7
Genesis,Genesis EQ900,EQ900
Genesis,Genesis G70,G70
Genesis,Genesis G80,G80
Genesis,Genesis G90,G90
Genesis,Genesis GV70,GV70
Genesis,Genesis GV80,GV80
Faraday Future,Faraday Future C-CUV,C-CUV
Faraday Future,Faraday Future D-CUV,D-CUV
Faraday Future,Faraday Future E-CUV,E-CUV
MAN,MAN TGE,TGE
Lynk&Co,Lynk&Co C-SUV,C-SUV
GLM,GLM G4,G4
Huansu,Huansu H3,H3
Huansu,Huansu S2,S2
Huansu,Huansu S3,S3
Emgrand,Emgrand Emgrand X7,X7
Maserati,Maserati Alfieri,Alfieri
Maserati,Maserati D-CUV,D-CUV
Maserati,Maserati Ghibli,Ghibli
Maserati,Maserati GranCabrio,GranCabrio
Maserati,Maserati GranTurismo,GranTurismo
Maserati,Maserati GT Coupe,GT Coupe
Maserati,Maserati Levante,Levante
Maserati,Maserati MC12,MC12
Maserati,Maserati Quattroporte,Quattroporte
Maserati,Maserati Spyder,Spyder